Country Code,EN.ATM.CO2E.PC,NY.GDP.PCAP.CD,SI.POV.GINI,EP.PMP.SGAS.CD,AG.LND.PRCP.MM,EN.CLC.MDAT.ZS,AG.LND.EL5M.ZS,EN.POP.EL5M.ZS,ER.PTD.TOTL.ZS,AG.LND.ARBL.HA.PC,EN.POP.DNST,SP.DYN.LE00.IN,SE.ADT.LITR.ZS,SP.POP.GROW
ABW,8.493443942,25324.72036,#N/A,#N/A,#N/A,#N/A,7.07036754,7.069166545,0.48,0.019268751,582.3444444,75.57358537,97.52420044,0.459929192
AFG,0.670263744,561.7787463,#N/A,1.07,327,1.059290169,#N/A,#N/A,0.46,0.23722435,53.08340532,60.71717073,38.16804123,2.689163473
AGO,1.248693224,3110.808183,42.72,0.76,1010,1.011764676,0.125723662,1.436094368,4.98,0.182017652,23.11178551,52.66609756,71.16416168,3.367572131
ALB,1.663080482,4146.89625,28.96,1.76,1485,5.269576993,4.861273115,7.070960686,1.91,0.213076442,104.9671898,78.01446341,97.55390167,-0.159880412
AND,6.082314205,40215.43532,#N/A,1.51,#N/A,#N/A,#N/A,#N/A,19.5,0.035343272,164.4276596,#N/A,#N/A,-0.944016798
ARE,18.77827019,37622.20746,#N/A,0.47,78,#N/A,4.813372718,14.78463648,16.09,0.004134114,110.8805263,77.5412439,92.98636627,1.251759052
ARG,4.462127942,12449.21685,42.67,1.52,591,0.167189951,0.892866497,3.028912698,5.37,0.91201997,16.0220668,76.33421951,98.08997345,0.984741906
ARM,1.899711734,3606.152057,31.48,1.3,562,0.478231101,#N/A,#N/A,24.75,0.153980084,102.7332631,74.79712195,99.76841736,0.269302288
ASM,#N/A,11541.85498,#N/A,#N/A,#N/A,0.000261755,3.555491658,3.271014103,8.62,0.054115482,277.995,#N/A,97.34416199,0.111575019
ATG,5.360453467,14353.37881,#N/A,0.99,1030,#N/A,13.2094889,11.8295485,0.15,0.04045512,229.4613636,76.10021951,98.94999695,1.03542237
AUS,16.34730205,49927.81951,34.94,1.23,534,3.047098606,0.600587901,4.516620755,29.03,2.001517943,3.140616612,82.45121951,#N/A,1.410063834
AUT,7.360055782,44176.51522,30.48,1.6,1110,0.038152978,#N/A,#N/A,28.35,0.158249503,105.9990306,81.84390244,#N/A,1.314006681
AZE,3.785068836,3876.936433,31.79,1.21,447,1.105565067,#N/A,#N/A,13.97,0.202043423,118.0972624,70.84878049,99.8052597,1.163574223
BDI,0.030557741,285.7274421,33.36,1.53,1274,2.377411289,#N/A,#N/A,6.89,0.121312725,409.8176402,57.10704878,85.49609375,3.135333146
BEL,8.371639275,41096.1573,27.59,1.9,847,0.001692168,7.691376838,11.16689435,24.25,0.072887487,374.7740753,81.28780488,#N/A,0.653895349
BEN,0.579494767,789.4404107,43.44,1.03,1039,0.858274799,0.995495438,11.85144946,22.25,0.26247454,96.41981199,59.72070732,38.44713974,2.763534181
BFA,0.179132409,649.7304837,35.3,1.4,748,1.250036827,#N/A,#N/A,15.47,0.341180931,68.1521674,58.93129268,37.74670029,2.915614034
BGD,0.437583523,1358.779752,32.13,1.3,2666,4.584694259,9.636463045,8.916143359,3.41,0.048110075,1251.836521,72.00119512,61.49383163,1.080165239
BGR,5.445648555,7350.795801,36.01,1.49,608,0.00855316,0.204312854,0.735205043,31.46,0.482562281,65.65790346,74.46585366,98.38858032,-0.701382098
BHR,24.29499601,22354.16707,#N/A,0.27,83,#N/A,33.97279383,34.28165324,4.41,0.001197249,1848.470817,76.81909756,95.71726227,3.812796793
BHS,8.243070724,23124.38655,#N/A,1.05,1292,#N/A,52.90280518,20.28497257,0.51,0.020933147,39.08411588,75.39682927,#N/A,1.129473367
BIH,6.076744543,4708.718261,33.83,1.51,1028,0.493228499,0.128200576,0.111713853,1.28,0.283510778,68.6878125,76.58858537,98.48576355,-0.54290805
BLR,6.736652251,4989.254611,27.18,1.06,618,0.021958552,0,0,8.57,0.598447772,46.8538761,73.62439024,99.72203827,0.184284342
BLZ,1.502253175,4810.565902,53.26,1.37,1705,0.806085589,6.053948409,20.53200455,18.55,0.22178371,16.0874178,70.19236585,82.77681732,2.111220431
BMU,5.585037153,85748.06541,#N/A,#N/A,#N/A,#N/A,11.88370384,11.86426709,5.07,0.004605536,1306.62,81.01219512,#N/A,0.147160267
BOL,1.894451045,3104.956089,48.4,0.7,1146,1.297429164,#N/A,#N/A,24.83,0.423445623,10.05066187,68.73960976,95.141922,1.510046906
BRA,2.488417184,8649.948492,51.48,1.27,1761,0.482451028,0.607906215,2.558210374,20.37,0.391830823,24.84438703,74.67587805,92.58680725,0.817555711
BRB,5.127146392,16096.89259,#N/A,1.81,1422,#N/A,0.715679583,0.705708771,0,0.038816451,662.7813953,75.65843902,99.26808167,0.273711418
BRN,19.18840026,26938.50338,#N/A,0.41,2722,#N/A,0.381050512,1.609028467,29.68,0.012144648,80.3028463,79.04082927,96.65653229,1.345029067
BTN,1.155283733,2804.000223,38.81,1.04,2200,0.013501103,#N/A,#N/A,47.3,0.129049209,20.92937534,69.83285366,63.90681839,1.309546955
BWA,2.548026856,6788.042745,60.46,1.06,416,0.740418784,#N/A,#N/A,29.15,0.183991962,3.970603286,64.48741463,88.22441101,1.841666401
CAF,0.06601109,382.2131743,56.24,1.69,1343,0.182498508,#N/A,#N/A,18.09,0.398636486,7.375230344,51.41912195,36.75260925,1.06165489
CAN,13.53231332,42157.92799,33.68,1.17,537,0.010743238,1.738276447,2.221496304,6.24,1.294572076,3.990365107,82.13763415,#N/A,1.213891076
CHE,4.987795181,78812.65069,31.64,1.74,1537,0.003887884,0,0,9.93,0.048872531,211.866029,83.19756098,#N/A,1.077221168
CHI,#N/A,73569.64496,#N/A,#N/A,#N/A,#N/A,#N/A,#N/A,#N/A,0.025587688,866.0052632,80.75168293,#N/A,0.477005099
CHL,4.762716184,13792.92605,50.45,1.52,1522,0.260470805,0.505208634,0.367832974,6.85,0.073192619,24.08740175,81.78756098,96.62754822,0.824579726
CHN,7.550916485,8123.180873,42.16,1.17,645,7.950971475,1.165879632,6.553332482,15.61,0.077477332,146.850662,75.98634146,96.35745239,0.541478512
CIV,0.409163678,1526.197175,43.18,1.42,1348,0.000757404,0.160747994,3.764942457,14.93,0.128709554,74.51546855,51.9197561,43.26531982,2.510353568
CMR,0.314618381,1032.648722,46.54,1.24,1604,0.072372205,0.036655692,0.456646277,10.65,0.278778182,49.58471156,55.93439024,74.98558044,2.613585149
COD,0.038975612,444.5053168,42.1,1.68,1543,0.017890962,0.021736792,0.041278628,12.07,0.096306627,34.73066452,59.02390244,77.22167206,3.278533569
COG,0.522490773,1528.24483,48.94,1.13,1646,0.262896437,0.012044516,0.480087173,31.81,0.112910818,15.00972474,62.86765854,79.31117249,2.57235739
COL,1.893103161,5805.605335,53.5,1.08,3240,0.657133754,0.584928396,1.224929591,17.37,0.035051957,43.85166201,74.18202439,94.57705688,0.876786632
COM,0.217596763,775.0800847,55.93,#N/A,900,0.022191159,0.805796199,0.723851157,2.38,0.085595581,427.5126276,63.55402439,78.13739014,2.311191381
CPV,0.853108789,2997.75268,47.19,1.56,228,0.009841224,3.551398449,5.636994383,0.01,0.104475939,133.8858561,73.35563415,88.46542358,1.239580878
CRI,1.618297931,11824.6381,48.53,1.44,2926,0.701045626,0.585764913,0.361702216,3.05,0.048785358,95.12875049,79.58646341,97.64724731,1.022696047
CUB,3.447160912,7602.261218,#N/A,1.4,1335,0.727438086,8.486184035,2.907142218,5.03,0.269935568,110.3247645,79.54641463,99.71071625,0.126866978
CUW,34.16163488,#N/A,#N/A,#N/A,#N/A,#N/A,#N/A,#N/A,#N/A,#N/A,360.3581081,77.82439024,#N/A,1.318960909
CYM,9.234876908,64100.9077,#N/A,#N/A,#N/A,#N/A,11.74326666,12.07232894,1.54,0.003379977,253.1875,#N/A,98.86782074,1.328625998
CYP,5.199663256,23324.20174,34.31,1.61,498,0.002678155,1.672016061,5.63504184,2.03,0.069252258,126.6369048,80.30709756,99.05977631,0.784179797
CZE,9.383496546,18266.54969,26.13,1.67,677,0.155745988,#N/A,#N/A,21.11,0.298612483,136.7909986,79.47317073,#N/A,0.147567084
DEU,9.39062342,41936.05858,30.13,1.8,700,0.032824574,4.458668341,4.043249379,38.46,0.146587226,236.9380482,81.0902439,#N/A,1.193866758
DJI,0.678855968,1862.167274,44.13,1.41,220,6.796847046,0.71924231,12.35204508,1.05,0.002192588,40.65284728,62.28565854,#N/A,1.595864748
DMA,1.823370166,7144.454673,#N/A,#N/A,2083,#N/A,0.838645036,0.98172487,0.55,0.082442496,98.05733333,76.59756098,#N/A,0.519410867
DNK,6.779623867,53417.66428,29.08,2.01,703,0,14.45047691,16.3382366,17.95,0.430940157,135.6092471,81.1,#N/A,0.834637611
DOM,2.146779258,6722.223536,47.07,1.41,1410,0.078705435,1.742664739,1.230040795,11.2,0.076879876,220.4262265,73.67668293,92.46542358,1.137056669
DZA,3.500805977,3843.752322,#N/A,0.27,89,0.03922294,0.025005944,0.757500587,7.46,0.190968226,17.04889491,75.04253659,79.60839844,1.825463432
ECU,2.779245882,5968.984138,45.38,0.6,2274,0.336468818,1.50710449,5.190229742,15.43,0.063993764,65.97305524,76.10292683,94.51547241,1.479917408
EGY,2.371878985,3514.490097,#N/A,0.88,51,0.012213477,1.622988267,21.5237193,9.58,0.029080987,96.12605455,71.31695122,75.84262085,2.016789456
ERI,0.132758694,582.7755302,#N/A,3.33,384,7.323482856,1.205559922,0.767548828,3.06,0.154200626,44.30386139,64.10090244,73.84525299,1.891652284
ESP,5.082982524,26528.49179,35.89,1.63,636,0.729193518,0.821902232,4.376614966,10.18,0.264151614,92.84892145,83.3804878,98.11450958,-0.008048086
EST,15.11041148,17574.68736,33.15,1.46,626,0,1.808930466,2.906475881,19.85,0.4930223,31.05640481,77.13170732,99.82350922,0.08161442
ETH,0.112072453,706.7577541,33.17,0.99,848,3.263018169,0,0,18.4,0.155278843,102.403196,64.57804878,49.03152084,2.501821378
FIN,8.512553843,43090.24751,27.12,1.89,536,0.000387043,0.528235978,1.864564778,14.07,0.408458317,18.0825167,81.38536585,#N/A,0.283654477
FJI,1.942472278,5153.351544,42.78,1.34,2592,1.728636619,3.09994895,4.892924565,0.97,0.186271035,49.19321292,70.25626829,#N/A,0.738287655
FRA,5.048457171,36854.96828,33.1,1.79,867,0.005717646,1.647373804,2.892155592,25.73,0.276384127,122.1719547,82.67073171,#N/A,0.407491036
FRO,12.18647301,53612.71345,#N/A,#N/A,#N/A,#N/A,7.702458211,6.771790359,0,0.061422546,35.18409742,81.63414634,#N/A,0.309944988
FSM,1.414437523,3068.507771,42.46,#N/A,758,1.349813557,7.165460626,8.41057523,0,0.019227996,149.91,69.2342439,#N/A,0.481445263
GAB,2.617165519,7179.340661,42.18,1.02,1831,#N/A,0.322701521,4.937052655,12.28,0.173267445,7.683416773,64.89034146,83.23787689,2.537808568
GBR,7.133721709,39899.38839,32.57,1.92,1220,0.032407019,4.238566763,5.313018364,13.77,0.096474155,271.3067375,81.60487805,#N/A,0.777541827
GEO,1.988881356,3853.649904,40.09,1.24,1026,0.770433849,1.284809797,2.755012502,6.45,0.122618728,64.96028552,74.81741463,99.75962067,0.059168417
GHA,0.554930149,1513.461034,42.77,1.06,1187,0.974438237,0.562210066,2.622705637,7.79,0.174315773,123.9638217,61.49173171,76.57589722,2.236737965
GIB,14.52448937,#N/A,#N/A,#N/A,#N/A,#N/A,29.08248377,29.01155176,#N/A,#N/A,3440.8,#N/A,#N/A,0.524507293
GIN,0.199296674,508.1450784,33.73,1.45,1651,0.180212227,0.939142015,6.047043789,20.34,0.262589271,50.44735471,59.19343902,30.47278976,2.48622533
GMB,0.26427777,473.1904363,47.33,1.37,836,0.197190027,16.77800128,23.53324876,1.41,0.229423334,201.4329051,60.46768293,55.57276154,3.03358022
GNB,0.152655821,620.2147647,50.66,#N/A,1577,0.540905804,6.524519474,15.2648231,10.38,0.173838066,64.56963016,55.46731707,59.77285004,2.519328921
GNQ,4.994244039,8333.238263,#N/A,#N/A,2156,#N/A,0.251076091,0.948750475,2.12,0.106248849,43.54688057,57.96341463,95.19566345,3.847226839
GRC,6.306851095,18103.96932,36.68,1.98,652,0.006583139,3.060864498,4.493864291,8.56,0.238698257,83.37269201,81.58780488,95.29286957,-0.687542545
GRD,2.873797317,9469.219181,#N/A,1.4,2350,#N/A,1.832331562,1.885817633,0.05,0.028206093,315.6382353,73.523,97.79447174,0.461381224
GRL,10.06293929,39569.10579,#N/A,#N/A,#N/A,#N/A,10.13942715,46.45983384,22.38,0.01598721,0.136888781,71.8304878,#N/A,0.128227978
GTM,0.871829279,4146.744129,48.66,1.01,1996,1.306823663,0.392207128,0.212475456,15.72,0.058642669,154.7449515,71.9564878,79.07421112,2.010367845
GUM,#N/A,35439.47045,#N/A,#N/A,#N/A,#N/A,1.58750854,1.248191522,5.19,0.006212453,301.6592593,79.379,99.78903961,0.676949732
GUY,2.554048974,4456.553697,44.55,1.15,2387,7.170624212,2.375600858,27.86865105,5.28,0.550175336,3.928387097,66.5075122,87.53531647,0.621217097
HKG,6.260047304,43681.14058,#N/A,2.06,#N/A,0.004354373,10.05107468,10.32768982,41.84,0.000428076,6996.857143,84.27804878,#N/A,0.559636742
HND,1.047014219,2361.15762,50.64,1.2,1976,1.255291226,2.026348052,0.904438698,7.78,0.115787829,81.44487443,73.33312195,88.42458344,1.682462584
HRV,4.161866621,12090.66656,32.51,1.66,1113,0.002494289,1.006021864,1.84929244,23.69,0.191865353,74.52823445,77.27560976,99.27259064,-0.788234222
HTI,0.23059851,739.5954363,60.79,1.16,1440,0.840315026,1.595681828,1.867985623,0.06,0.101206284,393.5897678,63.0737561,60.68935013,1.264238966
HUN,4.188863187,12664.84744,30.55,1.58,589,0.088105351,#N/A,#N/A,22.55,0.446360339,108.4497736,75.96097561,99.38088226,-0.255022953
IDN,1.90199819,3570.294888,39.47,0.93,2702,0.160589722,2.778554674,7.366889765,6.01,0.092109502,144.1376574,69.07168293,95.43768311,1.137493711
IMN,#N/A,89941.64429,#N/A,#N/A,#N/A,#N/A,1.948839739,3.515780666,#N/A,0.267586875,146.9070175,77.96585366,#N/A,0.683030024
IND,1.591437853,1709.387921,35.15,1.1,1083,4.356108992,1.494053499,2.664960354,3.13,0.120847762,445.3705797,68.34856098,72.22530365,1.148214693
IRL,7.603873306,61606.48294,32.52,1.92,1118,0.004907369,2.069538435,4.769124671,3.48,0.229141963,69.28574539,81.50243902,#N/A,2.037334235
IRN,7.967629075,4957.581276,37.35,0.374,228,3.056791917,0.844881597,1.274336046,6.69,0.187307683,49.28745058,75.59134146,87.17253113,1.1487886
IRQ,4.952696127,4609.600694,#N/A,0.43,216,0.014837959,3.193463534,5.811441263,0.38,0.143803591,85.65705471,69.59026829,79.72176361,2.965163696
ISL,6.082143166,59976.94257,26.94,1.85,1940,#N/A,2.246048775,7.557741879,2.32,0.370205201,3.334184539,82.86097561,#N/A,1.033589277
ISR,8.818635647,37292.61222,42.78,1.88,435,0.000810925,0.410489234,1.565873017,8.62,0.036576311,394.9676525,82.05121951,91.75141144,1.973219653
ITA,5.723809985,30527.2682,35.16,2.14,832,0.007102219,3.876596966,5.663002316,13.32,0.110677664,206.026348,83.4902439,99.01579285,-0.214276426
JAM,2.709288882,4868.248263,45.46,1.14,2051,1.143460776,3.598627098,3.629412269,1.4,0.041927447,266.0530933,75.79817073,88.49990082,0.327499919
JOR,2.948518589,4087.937517,#N/A,1.27,111,0.369473469,0.000608159,0.002923437,2.13,0.026960126,106.5082451,74.20334146,98.01435089,3.185854645
JPN,9.756242756,38894.46773,32.11,1.38,1668,0.02095155,3.435795752,12.64666469,2.09,0.033179861,348.350096,83.84365854,#N/A,-0.115284177
KAZ,15.43279448,7510.077209,26.33,0.81,250,0.217161219,#N/A,#N/A,3.29,1.700191981,6.592225803,72,99.78784943,1.431250879
KEN,0.296701849,1455.359765,48.51,1.21,630,6.477853231,0.240780521,0.411611072,10.57,0.126020522,85.14876305,62.13373171,78.02339935,2.560925398
KGZ,1.720789566,1077.036174,26.82,0.94,533,2.065464026,#N/A,#N/A,6.94,0.219449919,31.71376434,70.65121951,99.50131989,2.089846482
KHM,0.371028042,1269.907238,30.76,1.34,1904,6.643791054,2.695477988,7.186617095,20.61,0.248841088,89.29509404,68.65614634,78.34593964,1.564833471
KIR,0.574367715,1449.058231,37.61,#N/A,630,5.002998765,54.63695385,20.57059635,11.81,0.01810643,141.2283951,66.14785366,#N/A,1.75311586
KNA,5.241625759,16725.27965,#N/A,#N/A,1427,#N/A,3.7516176,3.89468574,0.26,0.093042297,210.85,71.33658537,#N/A,0.977012418
KOR,11.74920084,27538.80613,#N/A,1.55,1274,0.080255411,2.947424446,3.043292478,2.61,0.029085659,525.7048318,82.15585366,97.96594238,0.451318044
KWT,27.22338994,28975.40108,#N/A,0.22,121,0.000567073,8.181655022,17.40355436,10.97,0.0025116,227.4177329,74.69790244,96.1177063,2.924206194
LAO,0.334823607,2353.152875,37.89,1.4,1834,2.69310158,0,0,16.66,0.231889894,29.28229203,66.53987805,79.86746216,1.406426845
LBN,4.279937348,7914.004677,#N/A,0.96,661,0.023082325,0.433024162,4.127785969,0.93,0.023557635,587.1620723,79.62860976,94.05110168,2.617573568
LBR,0.223290253,455.3707414,36.48,0.91,2391,1.872304199,0.301642932,6.375477155,0.78,0.113876099,47.9009863,61.16095122,47.60013962,2.50636265
LBY,8.23776955,5602.549434,#N/A,0.12,56,0,0.529163592,6.16815273,0.32,0.277235664,3.576646737,71.82631707,91.38887024,0.930674535
LCA,2.31718661,7744.445173,42.58,1.3,2301,#N/A,1.561104212,1.614210115,0.69,0.017004778,291.8278689,75.1845122,#N/A,0.455491876
LIE,1.393766629,179478.5848,#N/A,1.74,56,#N/A,#N/A,#N/A,44.29,0.062488216,235.4125,82.07317073,#N/A,0.700691567
LKA,0.778469274,3835.394817,39.16,1.27,1712,2.160030029,2.134193,2.979647308,2.64,0.062587261,338.1119439,74.95319512,92.61416626,1.124060307
LSO,1.084152395,998.1343716,54.18,1.03,788,3.402650963,#N/A,#N/A,0.54,0.126899946,72.58962451,49.96121951,79.3609314,1.332723919
LTU,4.273657237,14879.6803,35.15,1.57,656,0,1.219360815,2.868113534,16.3,0.801468575,45.84673583,75.1195122,99.82328033,-1.129000251
LUX,18.70078217,102831.3215,34.79,1.52,934,0,0,0,34.61,0.112543343,225.0857143,82.22926829,#N/A,2.319777521
LVA,3.518240904,14118.06391,35.48,1.48,641,0,1.905865558,17.29648166,17.78,0.606385252,31.52820843,74.12439024,99.89269257,-0.868629779
MAC,3.763533684,73186.96014,#N/A,#N/A,#N/A,#N/A,37.49866585,39.64556654,0,#N/A,20203.53135,80.76607317,96.2276001,1.850669705
MAF,#N/A,#N/A,#N/A,#N/A,#N/A,#N/A,#N/A,#N/A,#N/A,#N/A,587.2977941,79.47073171,#N/A,0.612217977
MAR,1.731226102,2832.429777,40.72,1.38,346,0.075712586,0.205398451,1.380354236,20.14,0.236901351,79.04276496,74.28931707,71.7105484,1.351228522
MCO,#N/A,162009.8778,#N/A,2,#N/A,#N/A,25.25812405,25.2612817,99.72,#N/A,19249.5,#N/A,#N/A,0.499961982
MDA,1.398349504,1900.201479,26.83,1.21,450,0.343810822,1.020387316,0.591564388,3.82,0.51091034,123.5587139,71.62643902,99.2443924,-0.059329244
MDG,0.133992136,401.3188701,42.65,1.35,1513,0.86461509,0.748541989,1.663527942,1.98,0.148369204,42.78884668,65.48278049,64.65630341,2.688870712
MDV,2.668605598,8601.632488,38.37,1.63,1972,0.030647954,45.50767853,48.23643801,0.07,0.009725686,1391.64,76.979,99.32102203,2.015177277
MEX,3.987417613,8201.306253,48.21,1.03,758,0.149843277,2.16731636,1.580045429,6.02,0.185097358,65.60890095,76.92068293,94.54559326,1.301730941
MHL,1.944879056,3448.535786,#N/A,1.44,560,0.058414229,43.81798241,35.86786808,0.19,0.037808613,294.8111111,65.23902439,98.26508331,0.135772225
MKD,3.996048636,5237.14767,44.05,1.49,619,0.304578781,0,0,9.7,0.199278458,82.522046,75.49534146,97.84375763,0.091238733
MLI,0.062311648,780.5071109,33.04,1.47,282,0.652855128,0,0,8.38,0.377943654,14.74756964,58.45721951,33.06887054,2.971968633
MLT,5.240130476,25058.17061,#N/A,1.8,560,#N/A,2.734736378,2.260840934,0.47,0.020989133,1365.459375,81.94634146,94.06661224,1.167802724
MMR,0.244974168,1275.017608,#N/A,1.14,2091,0.092410935,3.608969789,10.972568,4.07,0.207783726,80.9781696,66.04207317,93.09004974,0.914735351
MNE,3.61855388,6701.00008,31.93,1.6,241,0.012174282,#N/A,#N/A,2.69,0.014039658,46.30342007,76.33770732,98.71994781,0.099924503
MNG,14.49618784,3686.451698,32.04,1.01,241,2.561342238,#N/A,#N/A,17.21,0.193987748,1.948684312,69.82126829,98.36763763,1.682874029
MNP,#N/A,16819.9066,#N/A,#N/A,#N/A,#N/A,3.097501401,1.85220231,26.34,0.018359404,119.6152174,#N/A,#N/A,0.37691575
MOZ,0.152038112,382.0693304,45.58,1.55,1032,3.662447956,1.340483109,5.245980947,10.9,0.207626073,36.6609985,55.3712439,58.83655167,2.881207724
MRT,0.670922439,1077.556136,32.42,1.53,92,3.08197365,1.084070035,19.12107836,1.38,0.110730526,4.172909673,63.20282927,52.12356186,2.798060125
MUS,2.960046971,9627.595785,35.84,1.65,2041,0,1.311377474,1.413202542,0.01,0.059479719,622.4004926,74.35317073,90.61604309,0.068723138
MWI,0.076759228,300.7948251,46.12,1.78,1181,8.820492787,0,0,16.81,0.222627926,191.8919707,63.79685366,65.96382904,2.904818605
MYS,7.961513999,9502.568396,46.26,0.68,2875,0.096926904,1.327918026,5.098261202,8.04,0.031560125,94.92395374,74.87517073,94.63699341,1.499323358
NAM,1.272714244,4140.461932,60.97,1.08,285,3.401433963,0.195345682,1.089542897,23.23,0.337411514,3.01195569,64.91543902,90.82050323,2.207998983
NCL,14.68194297,12579.59511,#N/A,#N/A,#N/A,#N/A,2.912721692,13.99765205,91.03,0.023283582,15.20787746,77.77317073,96.93782043,1.814931851
NER,0.106469412,363.2269739,33.99,1.09,151,7.525065739,#N/A,#N/A,17.61,0.830364432,16.32034973,61.96902439,19.1026001,3.826066467
NGA,0.556657254,2177.98517,42.97,0.56,1150,0.055033264,0.448578879,2.667120246,11.82,0.192677679,204.2114255,53.04887805,59.5680809,2.619033526
NIC,0.76846223,2151.382047,47.05,1.18,2280,0.833598367,3.007701258,0.854528234,21.96,0.250083264,51.10460362,75.09812195,82.47184753,1.110103051
NLD,10.11475925,45294.78,27.99,2.15,778,0.004737861,55.55545375,58.50616479,18.06,0.061962615,505.1471653,81.70731707,#N/A,0.4622438
NOR,11.74032423,70812.47742,25.9,2.27,1414,0.006795588,1.974102997,3.85093944,9.08,0.156991158,14.32717491,82.1,#N/A,0.850589917
NPL,0.232321564,729.5325011,32.84,1.31,1500,0.703796514,#N/A,#N/A,22.93,0.074627759,202.1818696,69.97334146,64.66364288,1.132886385
NRU,4.066537289,7821.298918,#N/A,1.6,285,#N/A,7.626450891,7.613074013,0,#N/A,652.45,#N/A,#N/A,4.498486084
NZL,7.64505234,39426.6235,#N/A,1.71,1732,0.010853985,0.947485319,4.232579488,29.82,0.130829102,17.82195891,81.45682927,#N/A,2.088702607
OMN,16.48503522,14982.35792,#N/A,0.31,125,#N/A,0.813482991,5.652352959,3.99,0.009593719,14.29648465,77.32419512,93.97164917,5.217720553
PAK,0.844017488,1468.192946,30.69,0.94,494,1.055342391,1.534015255,1.064888293,8.6,0.164056125,250.6271741,66.37697561,56.44031143,1.998562594
PAN,2.699764124,13680.23601,50.7,0.96,2928,0.196361452,1.681324326,3.009577053,5.18,0.144211583,54.26579231,77.76729268,95.0382309,1.621103031
PER,1.869868254,6045.650077,44.14,1.46,1738,1.952380813,0.321878305,0.915312205,19.37,0.134037793,24.82331172,74.78073171,94.3743515,1.257862325
PHL,0.997541638,2951.071929,43.04,1.05,2348,0.806384865,2.631697455,5.651287935,2.44,0.055842901,346.5144783,68.4067561,96.61802673,1.564497131
PLW,10.69249522,13626.00567,#N/A,#N/A,494,#N/A,1.973126212,3.453916326,0.24,0.047406846,46.74565217,69.12926829,99.52397156,1.004892661
PNG,0.799770837,2182.716565,43.88,1.36,3142,0.730797898,0.467637202,0.487487608,0.66,0.038680804,17.85317979,62.77668293,63.43349075,2.064027023
POL,7.947728476,12372.41706,32.08,1.42,600,0.032017102,1.169771807,1.747105451,29.31,0.287490166,123.9361704,78.20487805,99.78742218,-0.101129367
PRI,#N/A,28703.74835,#N/A,#N/A,2054,0.016497321,5.694355895,8.912764476,0.59,0.017256626,384.5892897,79.57231707,93.329422,-1.797538641
PRK,2.004773398,#N/A,#N/A,0.94,1054,2.496881102,1.80829975,5.131531888,1.3,0.093564502,210.6853251,70.33792683,99.99923706,0.492776137
PRT,4.423980771,19813.30825,36.04,1.89,854,0.001802335,1.437475134,3.625957936,1.89,0.109316722,112.7079417,81.52195122,95.42810822,-0.323604271
PRY,0.76904608,4080.204644,51.67,1.59,1130,0.714773455,#N/A,#N/A,6.5,0.732535439,16.92753083,73.02563415,95.53610992,1.289844973
PSE,0.584854657,2943.404534,34.46,1.77,402,#N/A,0.094975347,0.553855437,#N/A,0.014902151,756.0740864,73.07419512,96.66803741,2.884692935
PYF,3.003012489,14530.7772,#N/A,1.7,#N/A,#N/A,19.91798496,4.969231945,0.01,0.009074937,76.55956284,76.75241463,#N/A,0.902680095
QAT,37.78008534,59330.85999,#N/A,0.23,74,#N/A,12.12391453,12.8290713,1.24,0.005517139,221.3440138,78.76258537,97.75708771,3.495069918
ROU,3.539707601,9474.130604,27.45,1.59,637,0.084970988,2.383552177,1.951499931,22.09,0.440906588,85.64543202,74.96097561,98.75702667,-0.557581505
RUS,12.46681628,8748.364504,41.59,0.81,460,0.132700497,0.780140447,1.20662879,8.75,0.85608473,8.813796287,70.90853659,99.71956635,0.170244546
RWA,0.072245376,702.8356016,50.44,1.41,1212,1.295973166,#N/A,#N/A,9.43,0.10131898,483.0769355,64.52453659,71.24349976,2.445904867
SAU,18.08109392,20028.64821,#N/A,0.16,59,0.005660491,0.418070627,5.199340855,28.24,0.113787297,15.01411227,74.49334146,94.84236908,2.251422474
SDN,0.309100309,2415.038162,35.39,0.82,250,2.765415582,0.07027762,0.303605574,1.68,0.38670691,22.68897306,63.71073171,58.60131836,2.380439887
SEN,0.596523237,958.0737379,40.29,1.7,686,0.597670115,3.536303993,10.05757652,14.48,0.219990072,80.04785748,66.80441463,55.62485123,2.860609064
SGP,9.36384739,52960.71419,#N/A,1.58,2497,#N/A,8.1616391,10.33207059,3.39,0.000102382,7908.720733,82.59512195,96.77462769,1.297436099
SLB,0.351399169,2005.483643,46.1,#N/A,3028,0.090344057,1.617805597,2.856797328,0.16,0.034752148,21.41546981,68.1462439,76.59999847,2.011524549
SLE,0.172170095,496.0494634,33.99,1.04,2526,0.247016284,2.851627671,3.787063953,3.77,0.223755298,102.4686894,51.30817073,48.43190002,2.175479241
SLV,1.017246016,4223.584579,41.84,1.12,1784,0.360637004,0.788962098,0.496987593,2.05,0.119404145,306.2124517,73.00109756,87.64821625,0.509497673
SMR,#N/A,62596.94756,#N/A,#N/A,#N/A,#N/A,0,0,0,0.030621306,553.3833333,83.32321508,#N/A,0.734552824
SOM,0.047469801,434.2088097,#N/A,1.12,282,4.603689341,0.27021218,2.5002989,0.26,0.08140234,22.823343,55.68558537,#N/A,2.904371827
SRB,6.263063271,5348.294064,29.06,1.55,686,0.010660574,#N/A,#N/A,6.76,0.365426299,80.69302538,75.48780488,98.00289154,-0.536587877
SSD,0.12958768,758.7205782,46.34,1.98,900,#N/A,#N/A,#N/A,20.8,#N/A,#N/A,56.1115122,31.97624969,2.891554145
STP,0.607752145,1756.06147,30.82,#N/A,3200,#N/A,0.898821551,1.320859447,0,0.045486391,208.2395833,66.51370732,91.74710846,2.203582284
SUR,3.872877576,6484.432731,57.61,1.29,2331,0.339835427,2.697954737,56.18849757,8.58,0.118628725,3.579282051,71.29417073,95.53898621,0.928418221
SVK,6.221186601,16495.98768,26.12,1.77,824,0.044927135,#N/A,#N/A,36.63,0.257333516,112.8957285,77.21219512,#N/A,0.090357025
SVN,7.010182271,21304.57016,25.59,1.78,1162,0,0.096306892,0.756482579,53.95,0.089326764,102.524578,81.07804878,99.71475983,0.063656995
SWE,4.617181884,51599.86887,27.32,1.82,624,0,0.981584563,3.736961839,13.03,0.266911163,24.31347622,82.55121951,#N/A,1.055073996
SWZ,0.85657624,2775.153908,51.45,1.14,788,9.226586308,0,0,4.02,0.135125014,78.08709302,48.87395122,87.47019196,1.809667249
SXM,20.83579643,#N/A,#N/A,#N/A,#N/A,#N/A,#N/A,#N/A,#N/A,#N/A,1176.617647,73.05365854,#N/A,2.99658342
SYC,7.175088105,15075.71944,46.82,#N/A,2330,0.078021324,16.42298755,16.63716455,0.05,0.000875666,205.8195652,73.22926829,95.32108307,1.33763478
SYR,1.820621348,2058.035209,#N/A,0.83,252,0.507772234,0.025965702,0.132135055,0.67,0.242773429,100.367331,70.08931707,86.30393219,-1.638838749
TCA,5.980971366,#N/A,#N/A,#N/A,#N/A,#N/A,55.87936317,48.35395845,3.58,0.02963929,36.73684211,#N/A,#N/A,1.620509472
TCD,0.046348489,664.2956519,43.32,0.9,322,2.714641025,#N/A,#N/A,17.78,0.361105596,11.47755956,51.87331707,40.01824188,3.114092441
TGO,0.316562894,578.4616936,46.02,1.25,1168,0.508477885,0.426619824,3.610001126,19.75,0.366583367,139.848759,60.1207561,66.53759003,2.523861304
THA,4.44825731,5907.913432,37.85,1.29,1622,3.751098955,2.90528606,10.34185638,12.49,0.245699987,134.7912741,74.60119512,93.98301697,0.299465512
TJK,0.438543625,795.8438644,30.76,1.32,691,5.37808587,#N/A,#N/A,21.92,0.087291912,62.93827187,69.76843902,99.78105164,2.155884123
TKM,12.46551641,6389.334143,40.77,0.22,161,0.000475378,#N/A,#N/A,3.15,0.354905684,12.0497606,65.73643902,99.69293213,1.732524453
TLS,0.371540554,1161.760935,31.56,1.17,1500,0.025120381,0.676322159,0.9350375,2.09,0.127801955,85.31748487,68.52641463,64.06613922,2.207092325
TON,1.984458074,3688.874636,38.1,#N/A,#N/A,#N/A,7.347107203,7.528864139,1.52,0.170161275,148.7805556,72.94404878,99.39785767,0.710119807
TTO,34.52003192,15377.09881,40.27,0.36,2200,0.000817749,2.6525162,2.907216261,2.63,0.018457091,266.0744639,70.55770732,98.9695816,0.35742449
TUN,2.511904245,3688.646375,35.81,0.91,207,0.098450336,1.939264589,8.515590236,3.68,0.260231868,73.39886715,74.97597561,81.05419159,1.142910708
TUR,4.267882101,10787.60934,40.18,2.06,593,0.136563067,0.530868554,1.755872692,0.2,0.26880217,103.3125346,75.42621951,95.68810272,1.5730117
TUV,#N/A,3083.615251,41.1,#N/A,161,#N/A,32.65421347,47.46696097,0.01,#N/A,369.9,#N/A,#N/A,0.868862376
TZA,0.212329522,879.193814,37.78,1.29,1071,1.495863574,0.088716314,0.71018394,26.05,0.258448049,62.73673628,65.4874878,80.35949707,3.092454074
UGA,0.130358436,615.3088032,41.01,1.4,1180,0.85120347,#N/A,#N/A,16,0.177682382,206.9018801,59.17907317,73.80983734,3.290872381
UKR,5.959632751,2185.728031,24.09,1.17,565,0.269239354,1.215087844,1.800944464,3.93,0.718568609,77.68931796,71.1895122,99.76410675,-0.33138051
URY,2.231615857,15220.56603,41.6,1.8,1300,0.264742967,1.516515562,4.114018793,1.67,0.704947382,19.6777854,77.13821951,98.44210052,0.362269175
USA,16.4012901,57466.78711,41.06,0.76,715,0.214155723,1.167679223,2.512555129,14.82,0.485318347,35.32444263,78.74146341,#N/A,0.692801346
UZB,3.413198669,2110.647872,35.27,1.02,206,0.123694001,#N/A,#N/A,3.44,0.143053609,74.86647861,68.45307317,99.99519348,1.739791235
VCT,1.911992316,7030.057145,#N/A,#N/A,1583,0.00923654,3.403213626,3.710258969,0.46,0.04572181,281.1358974,73.05236585,95.63215637,0.171612745
VEN,6.119559178,12237.22406,46.94,0.015,2044,0.155204204,1.458119112,2.496107478,36.69,0.087838077,35.78955728,74.40960976,95.39924622,1.31705725
VGB,6.057819383,#N/A,#N/A,#N/A,#N/A,#N/A,28.00742564,12.01159316,0.08,0.033797485,204.4066667,#N/A,#N/A,1.803451649
VIR,#N/A,36350.82163,#N/A,#N/A,#N/A,#N/A,6.63837255,5.444844631,2.81,0.009599693,294.1457143,79.87317073,#N/A,-0.60331862
VNM,1.700368284,2185.690282,37.59,1.04,1821,1.599361681,15.40582425,36.97183199,2.54,0.070644525,298.9682975,75.77773171,94.51426697,1.071293182
VUT,0.42009228,2860.566475,37.19,#N/A,206,0.10570389,0.827032824,1.176430145,2.31,0.077264825,22.18228056,72.15736585,85.05867767,2.167915111
WSM,1.249521643,4027.76137,42.69,1.03,1583,0,0.37125961,1.44459699,0.23,0.041603828,68.94876325,73.76487805,99.01500702,0.702526007
XKX,#N/A,3661.429847,26.71,1.54,#N/A,#N/A,#N/A,#N/A,#N/A,0.173069867,166.8228162,71.34634146,#N/A,0.796024104
YEM,0.991006604,990.334774,#N/A,0.7,167,0.099410699,0.414368245,1.581225688,0.61,0.04754951,52.24579616,64.03139024,69.96195221,2.451502043
ZAF,8.839271241,5273.59388,63.38,1.19,495,1.805650562,0.067860899,0.164518301,10.24,0.230854179,46.08797781,57.44090244,94.59793854,1.617203497
ZMB,0.252400712,1178.387905,55.62,1.68,1020,4.199676744,#N/A,#N/A,37.85,0.24326268,22.31855419,60.78568293,85.11726379,3.002815515
ZWE,0.915379488,1008.597331,43.15,1.56,657,#N/A,#N/A,#N/A,26.61,0.259543495,41.74838309,59.16107317,86.87348175,2.33606955